{
  "license": "",
  "file_hash": null,
  "name": "Pandamo",
  "version": "1.0.0",
  "description": "",
  "group": "",
  "keywords": [ "", "" ],
  "dependencies": [],
  "contents": "",
  "engine_version": "2.0.1.5065",
  "engine": "dynamo",
  "engine_metadata": "",
  "site_url": "",
  "repository_url": "",
  "contains_binaries": true,
  "node_libraries": [
    "DynamoPandas.Pandamo, Version=1.0.0.0, Culture=neutral, PublicKeyToken=null",
    "DynamoPandas.PandamoNodeModels, Version=1.0.0.0, Culture=neutral, PublicKeyToken=null"
  ]
}